Tematica,fecha_mensual,Cantidad
HOMICIDIOS,01/01/2005,1481.00
HOMICIDIOS,01/02/2005,1314.00
HOMICIDIOS,01/03/2005,1357.00
HOMICIDIOS,01/04/2005,1378.00
HOMICIDIOS,01/05/2005,1492.00
HOMICIDIOS,01/06/2005,1368.00
HOMICIDIOS,01/07/2005,1457.00
HOMICIDIOS,01/08/2005,1455.00
HOMICIDIOS,01/09/2005,1330.00
HOMICIDIOS,01/10/2005,1391.00
HOMICIDIOS,01/11/2005,1352.00
HOMICIDIOS,01/12/2005,1513.00
HOMICIDIOS,01/01/2006,1336.00
HOMICIDIOS,01/02/2006,1222.00
HOMICIDIOS,01/03/2006,1255.00
HOMICIDIOS,01/04/2006,1290.00
HOMICIDIOS,01/05/2006,1179.00
HOMICIDIOS,01/06/2006,1299.00
HOMICIDIOS,01/07/2006,1432.00
HOMICIDIOS,01/08/2006,1353.00
HOMICIDIOS,01/09/2006,1283.00
HOMICIDIOS,01/10/2006,1367.00
HOMICIDIOS,01/11/2006,1362.00
HOMICIDIOS,01/12/2006,1492.00
HOMICIDIOS,01/01/2007,1410.00
HOMICIDIOS,01/02/2007,1259.00
HOMICIDIOS,01/03/2007,1247.00
HOMICIDIOS,01/04/2007,1160.00
HOMICIDIOS,01/05/2007,1391.00
HOMICIDIOS,01/06/2007,1349.00
HOMICIDIOS,01/07/2007,1360.00
HOMICIDIOS,01/08/2007,1166.00
HOMICIDIOS,01/09/2007,1226.00
HOMICIDIOS,01/10/2007,1084.00
HOMICIDIOS,01/11/2007,1276.00
HOMICIDIOS,01/12/2007,1323.00
HOMICIDIOS,01/01/2008,1352.00
HOMICIDIOS,01/02/2008,1148.00
HOMICIDIOS,01/03/2008,1184.00
HOMICIDIOS,01/04/2008,1157.00
HOMICIDIOS,01/05/2008,1198.00
HOMICIDIOS,01/06/2008,1250.00
HOMICIDIOS,01/07/2008,1268.00
HOMICIDIOS,01/08/2008,1268.00
HOMICIDIOS,01/09/2008,1243.00
HOMICIDIOS,01/10/2008,1235.00
HOMICIDIOS,01/11/2008,1200.00
HOMICIDIOS,01/12/2008,1249.00
HOMICIDIOS,01/01/2009,1216.00
HOMICIDIOS,01/02/2009,1124.00
HOMICIDIOS,01/03/2009,1303.00
HOMICIDIOS,01/04/2009,1269.00
HOMICIDIOS,01/05/2009,1291.00
HOMICIDIOS,01/06/2009,1224.00
HOMICIDIOS,01/07/2009,1344.00
HOMICIDIOS,01/08/2009,1346.00
HOMICIDIOS,01/09/2009,1202.00
HOMICIDIOS,01/10/2009,1381.00
HOMICIDIOS,01/11/2009,1336.00
HOMICIDIOS,01/12/2009,1286.00
HOMICIDIOS,01/01/2010,1270.00
HOMICIDIOS,01/02/2010,1122.00
HOMICIDIOS,01/03/2010,1133.00
HOMICIDIOS,01/04/2010,1190.00
HOMICIDIOS,01/05/2010,1310.00
HOMICIDIOS,01/06/2010,1190.00
HOMICIDIOS,01/07/2010,1301.00
HOMICIDIOS,01/08/2010,1311.00
HOMICIDIOS,01/09/2010,1222.00
HOMICIDIOS,01/10/2010,1294.00
HOMICIDIOS,01/11/2010,1324.00
HOMICIDIOS,01/12/2010,1202.00
HOMICIDIOS,01/01/2011,1300.00
HOMICIDIOS,01/02/2011,1172.00
HOMICIDIOS,01/03/2011,1340.00
HOMICIDIOS,01/04/2011,1287.00
HOMICIDIOS,01/05/2011,1469.00
HOMICIDIOS,01/06/2011,1289.00
HOMICIDIOS,01/07/2011,1245.00
HOMICIDIOS,01/08/2011,1353.00
HOMICIDIOS,01/09/2011,1300.00
HOMICIDIOS,01/10/2011,1178.00
HOMICIDIOS,01/11/2011,1317.00
HOMICIDIOS,01/12/2011,1413.00
HOMICIDIOS,01/01/2012,1209.00
HOMICIDIOS,01/02/2012,1102.00
HOMICIDIOS,01/03/2012,1266.00
HOMICIDIOS,01/04/2012,1141.00
HOMICIDIOS,01/05/2012,1361.00
HOMICIDIOS,01/06/2012,1310.00
HOMICIDIOS,01/07/2012,1430.00
HOMICIDIOS,01/08/2012,1344.00
HOMICIDIOS,01/09/2012,1371.00
HOMICIDIOS,01/10/2012,1389.00
HOMICIDIOS,01/11/2012,1369.00
HOMICIDIOS,01/12/2012,1541.00
HOMICIDIOS,01/01/2013,1365.00
HOMICIDIOS,01/02/2013,1188.00
HOMICIDIOS,01/03/2013,1357.00
HOMICIDIOS,01/04/2013,1150.00
HOMICIDIOS,01/05/2013,1270.00
HOMICIDIOS,01/06/2013,1311.00
HOMICIDIOS,01/07/2013,1237.00
HOMICIDIOS,01/08/2013,1194.00
HOMICIDIOS,01/09/2013,1223.00
HOMICIDIOS,01/10/2013,1153.00
HOMICIDIOS,01/11/2013,1120.00
HOMICIDIOS,01/12/2013,1252.00
HOMICIDIOS,01/01/2014,1189.00
HOMICIDIOS,01/02/2014,1032.00
HOMICIDIOS,01/03/2014,1047.00
HOMICIDIOS,01/04/2014,979.00
HOMICIDIOS,01/05/2014,1000.00
HOMICIDIOS,01/06/2014,1122.00
HOMICIDIOS,01/07/2014,1050.00
HOMICIDIOS,01/08/2014,1022.00
HOMICIDIOS,01/09/2014,1038.00
HOMICIDIOS,01/10/2014,1050.00
HOMICIDIOS,01/11/2014,1071.00
HOMICIDIOS,01/12/2014,1241.00
HOMICIDIOS,01/01/2015,1097.00
HOMICIDIOS,01/02/2015,826.00
HOMICIDIOS,01/03/2015,1048.00
HOMICIDIOS,01/04/2015,967.00
HOMICIDIOS,01/05/2015,1076.00
HOMICIDIOS,01/06/2015,1081.00
HOMICIDIOS,01/07/2015,1058.00
HOMICIDIOS,01/08/2015,996.00
HOMICIDIOS,01/09/2015,940.00
HOMICIDIOS,01/10/2015,929.00
HOMICIDIOS,01/11/2015,1095.00
HOMICIDIOS,01/12/2015,1221.00
HOMICIDIOS,01/01/2016,1074.00
HOMICIDIOS,01/02/2016,929.00
HOMICIDIOS,01/03/2016,946.00
HOMICIDIOS,01/04/2016,956.00
HOMICIDIOS,01/05/2016,1014.00
HOMICIDIOS,01/06/2016,1028.00
HOMICIDIOS,01/07/2016,1055.00
HOMICIDIOS,01/08/2016,978.00
HOMICIDIOS,01/09/2016,937.00
HOMICIDIOS,01/10/2016,996.00
HOMICIDIOS,01/11/2016,966.00
HOMICIDIOS,01/12/2016,1166.00
HOMICIDIOS,01/01/2017,1043.00
HOMICIDIOS,01/02/2017,883.00
HOMICIDIOS,01/03/2017,904.00
HOMICIDIOS,01/04/2017,1000.00
HOMICIDIOS,01/05/2017,1037.00
HOMICIDIOS,01/06/2017,894.00
HOMICIDIOS,01/07/2017,1072.00
HOMICIDIOS,01/08/2017,946.00
HOMICIDIOS,01/09/2017,907.00
HOMICIDIOS,01/10/2017,1012.00
HOMICIDIOS,01/11/2017,1037.00
HOMICIDIOS,01/12/2017,1222.00
HOMICIDIOS,01/01/2018,1104.00
HOMICIDIOS,01/02/2018,938.00
HOMICIDIOS,01/03/2018,1101.00
HOMICIDIOS,01/04/2018,1114.00
HOMICIDIOS,01/05/2018,1003.00
HOMICIDIOS,01/06/2018,978.00
HOMICIDIOS,01/07/2018,1054.00
HOMICIDIOS,01/08/2018,1071.00
HOMICIDIOS,01/09/2018,1013.00
HOMICIDIOS,01/10/2018,1006.00
HOMICIDIOS,01/11/2018,982.00
HOMICIDIOS,01/12/2018,1209.00
HOMICIDIOS,01/01/2019,1037.00
HOMICIDIOS,01/02/2019,904.00
HOMICIDIOS,01/03/2019,1126.00
HOMICIDIOS,01/04/2019,1000.00
HOMICIDIOS,01/05/2019,1065.00
HOMICIDIOS,01/06/2019,1044.00
HOMICIDIOS,01/07/2019,988.00
HOMICIDIOS,01/08/2019,1085.00
HOMICIDIOS,01/09/2019,1042.00
HOMICIDIOS,01/10/2019,953.00
HOMICIDIOS,01/11/2019,1038.00
HOMICIDIOS,01/12/2019,1265.00
HOMICIDIOS,01/01/2020,1038.00
HOMICIDIOS,01/02/2020,955.00
HOMICIDIOS,01/03/2020,836.00
HOMICIDIOS,01/04/2020,655.00
HOMICIDIOS,01/05/2020,887.00
HOMICIDIOS,01/06/2020,994.00
HOMICIDIOS,01/07/2020,1004.00
HOMICIDIOS,01/08/2020,1139.00
HOMICIDIOS,01/09/2020,1121.00
HOMICIDIOS,01/10/2020,1110.00
HOMICIDIOS,01/11/2020,1061.00
HOMICIDIOS,01/12/2020,1209.00
HOMICIDIOS,01/01/2021,1089.00
HOMICIDIOS,01/02/2021,988.00
HOMICIDIOS,01/03/2021,966.00
HOMICIDIOS,01/04/2021,1010.00
HOMICIDIOS,01/05/2021,1367.00
HOMICIDIOS,01/06/2021,1288.00
HOMICIDIOS,01/07/2021,1213.00
HOMICIDIOS,01/08/2021,1229.00
HOMICIDIOS,01/09/2021,1128.00
HOMICIDIOS,01/10/2021,1218.00
HOMICIDIOS,01/11/2021,1002.00
HOMICIDIOS,01/12/2021,1187.00
HOMICIDIOS,01/01/2022,1161.00
HOMICIDIOS,01/02/2022,1032.00
HOMICIDIOS,01/03/2022,1081.00
HOMICIDIOS,01/04/2022,1139.00
HOMICIDIOS,01/05/2022,1177.00
HOMICIDIOS,01/06/2022,1033.00
HOMICIDIOS,01/07/2022,1205.00
HOMICIDIOS,01/08/2022,1088.00
HOMICIDIOS,01/09/2022,1098.00
HOMICIDIOS,01/10/2022,1161.00
HOMICIDIOS,01/11/2022,1106.00
HOMICIDIOS,01/12/2022,1255.00
HOMICIDIOS,01/01/2023,1110.00
HOMICIDIOS,01/02/2023,977.00
HOMICIDIOS,01/03/2023,1083.00
HOMICIDIOS,01/04/2023,1045.00
HOMICIDIOS,01/05/2023,1131.00
HOMICIDIOS,01/06/2023,1155.00
HOMICIDIOS,01/07/2023,1234.00
HOMICIDIOS,01/08/2023,1174.00
HOMICIDIOS,01/09/2023,1152.00
HOMICIDIOS,01/10/2023,1068.00
HOMICIDIOS,01/11/2023,1138.00
HOMICIDIOS,01/12/2023,1288.00
HOMICIDIOS,01/01/2024,1127.00
HOMICIDIOS,01/02/2024,1009.00
HOMICIDIOS,01/03/2024,1038.00
HOMICIDIOS,01/04/2024,1057.00
HOMICIDIOS,01/05/2024,1125.00
HOMICIDIOS,01/06/2024,1086.00
HOMICIDIOS,01/07/2024,1086.00
HOMICIDIOS,01/08/2024,1227.00
HOMICIDIOS,01/09/2024,1145.00
HOMICIDIOS,01/10/2024,1135.00
HOMICIDIOS,01/11/2024,1216.00
HOMICIDIOS,01/12/2024,1245.00
HOMICIDIOS,01/01/2025,1216.00
HOMICIDIOS,01/02/2025,947.00
HOMICIDIOS,01/03/2025,1182.00
HOMICIDIOS,01/04/2025,1081.00
HOMICIDIOS,01/05/2025,1211.00
HOMICIDIOS,01/06/2025,1195.00
HOMICIDIOS,01/07/2025,1180.00
HOMICIDIOS,01/08/2025,1244.00
HOMICIDIOS,01/09/2025,1213.00
HOMICIDIOS,01/10/2025,1111.00
HOMICIDIOS,01/11/2025,1194.00
HOMICIDIOS,01/12/2025,1263.00
HURTO A PERSONAS,01/01/2005,3151.00
HURTO A PERSONAS,01/02/2005,3375.00
HURTO A PERSONAS,01/03/2005,3186.00
HURTO A PERSONAS,01/04/2005,3011.00
HURTO A PERSONAS,01/05/2005,2917.00
HURTO A PERSONAS,01/06/2005,2963.00
HURTO A PERSONAS,01/07/2005,3553.00
HURTO A PERSONAS,01/08/2005,3954.00
HURTO A PERSONAS,01/09/2005,4029.00
HURTO A PERSONAS,01/10/2005,3702.00
HURTO A PERSONAS,01/11/2005,3621.00
HURTO A PERSONAS,01/12/2005,3861.00
HURTO A PERSONAS,01/01/2006,4032.00
HURTO A PERSONAS,01/02/2006,4208.00
HURTO A PERSONAS,01/03/2006,4602.00
HURTO A PERSONAS,01/04/2006,4448.00
HURTO A PERSONAS,01/05/2006,4514.00
HURTO A PERSONAS,01/06/2006,4516.00
HURTO A PERSONAS,01/07/2006,4308.00
HURTO A PERSONAS,01/08/2006,4715.00
HURTO A PERSONAS,01/09/2006,5072.00
HURTO A PERSONAS,01/10/2006,5006.00
HURTO A PERSONAS,01/11/2006,4824.00
HURTO A PERSONAS,01/12/2006,4532.00
HURTO A PERSONAS,01/01/2007,5229.00
HURTO A PERSONAS,01/02/2007,4986.00
HURTO A PERSONAS,01/03/2007,4871.00
HURTO A PERSONAS,01/04/2007,3966.00
HURTO A PERSONAS,01/05/2007,4188.00
HURTO A PERSONAS,01/06/2007,3999.00
HURTO A PERSONAS,01/07/2007,4003.00
HURTO A PERSONAS,01/08/2007,4142.00
HURTO A PERSONAS,01/09/2007,4007.00
HURTO A PERSONAS,01/10/2007,4268.00
HURTO A PERSONAS,01/11/2007,3859.00
HURTO A PERSONAS,01/12/2007,3573.00
HURTO A PERSONAS,01/01/2008,5562.00
HURTO A PERSONAS,01/02/2008,5792.00
HURTO A PERSONAS,01/03/2008,6122.00
HURTO A PERSONAS,01/04/2008,6186.00
HURTO A PERSONAS,01/05/2008,5831.00
HURTO A PERSONAS,01/06/2008,5545.00
HURTO A PERSONAS,01/07/2008,5776.00
HURTO A PERSONAS,01/08/2008,5675.00
HURTO A PERSONAS,01/09/2008,5235.00
HURTO A PERSONAS,01/10/2008,5231.00
HURTO A PERSONAS,01/11/2008,5230.00
HURTO A PERSONAS,01/12/2008,4345.00
HURTO A PERSONAS,01/01/2009,5867.00
HURTO A PERSONAS,01/02/2009,5328.00
HURTO A PERSONAS,01/03/2009,5680.00
HURTO A PERSONAS,01/04/2009,5001.00
HURTO A PERSONAS,01/05/2009,5281.00
HURTO A PERSONAS,01/06/2009,4679.00
HURTO A PERSONAS,01/07/2009,5029.00
HURTO A PERSONAS,01/08/2009,5048.00
HURTO A PERSONAS,01/09/2009,5021.00
HURTO A PERSONAS,01/10/2009,5126.00
HURTO A PERSONAS,01/11/2009,4666.00
HURTO A PERSONAS,01/12/2009,4346.00
HURTO A PERSONAS,01/01/2010,5345.00
HURTO A PERSONAS,01/02/2010,5295.00
HURTO A PERSONAS,01/03/2010,5205.00
HURTO A PERSONAS,01/04/2010,5119.00
HURTO A PERSONAS,01/05/2010,5262.00
HURTO A PERSONAS,01/06/2010,5133.00
HURTO A PERSONAS,01/07/2010,5332.00
HURTO A PERSONAS,01/08/2010,5111.00
HURTO A PERSONAS,01/09/2010,5214.00
HURTO A PERSONAS,01/10/2010,5209.00
HURTO A PERSONAS,01/11/2010,4670.00
HURTO A PERSONAS,01/12/2010,4547.00
HURTO A PERSONAS,01/01/2011,5794.00
HURTO A PERSONAS,01/02/2011,5765.00
HURTO A PERSONAS,01/03/2011,6208.00
HURTO A PERSONAS,01/04/2011,5517.00
HURTO A PERSONAS,01/05/2011,6081.00
HURTO A PERSONAS,01/06/2011,5691.00
HURTO A PERSONAS,01/07/2011,5592.00
HURTO A PERSONAS,01/08/2011,5779.00
HURTO A PERSONAS,01/09/2011,5619.00
HURTO A PERSONAS,01/10/2011,5577.00
HURTO A PERSONAS,01/11/2011,5297.00
HURTO A PERSONAS,01/12/2011,4946.00
HURTO A PERSONAS,01/01/2012,7461.00
HURTO A PERSONAS,01/02/2012,7469.00
HURTO A PERSONAS,01/03/2012,7731.00
HURTO A PERSONAS,01/04/2012,7549.00
HURTO A PERSONAS,01/05/2012,7982.00
HURTO A PERSONAS,01/06/2012,6944.00
HURTO A PERSONAS,01/07/2012,7249.00
HURTO A PERSONAS,01/08/2012,7240.00
HURTO A PERSONAS,01/09/2012,6299.00
HURTO A PERSONAS,01/10/2012,5678.00
HURTO A PERSONAS,01/11/2012,5024.00
HURTO A PERSONAS,01/12/2012,6030.00
HURTO A PERSONAS,01/01/2013,8366.00
HURTO A PERSONAS,01/02/2013,7608.00
HURTO A PERSONAS,01/03/2013,8071.00
HURTO A PERSONAS,01/04/2013,8208.00
HURTO A PERSONAS,01/05/2013,8255.00
HURTO A PERSONAS,01/06/2013,7909.00
HURTO A PERSONAS,01/07/2013,8181.00
HURTO A PERSONAS,01/08/2013,7867.00
HURTO A PERSONAS,01/09/2013,7844.00
HURTO A PERSONAS,01/10/2013,8217.00
HURTO A PERSONAS,01/11/2013,6953.00
HURTO A PERSONAS,01/12/2013,5976.00
HURTO A PERSONAS,01/01/2014,8283.00
HURTO A PERSONAS,01/02/2014,7734.00
HURTO A PERSONAS,01/03/2014,8145.00
HURTO A PERSONAS,01/04/2014,7578.00
HURTO A PERSONAS,01/05/2014,8285.00
HURTO A PERSONAS,01/06/2014,7006.00
HURTO A PERSONAS,01/07/2014,8479.00
HURTO A PERSONAS,01/08/2014,8621.00
HURTO A PERSONAS,01/09/2014,8921.00
HURTO A PERSONAS,01/10/2014,7897.00
HURTO A PERSONAS,01/11/2014,6837.00
HURTO A PERSONAS,01/12/2014,6641.00
HURTO A PERSONAS,01/01/2015,8985.00
HURTO A PERSONAS,01/02/2015,8961.00
HURTO A PERSONAS,01/03/2015,8426.00
HURTO A PERSONAS,01/04/2015,8703.00
HURTO A PERSONAS,01/05/2015,8786.00
HURTO A PERSONAS,01/06/2015,7912.00
HURTO A PERSONAS,01/07/2015,8279.00
HURTO A PERSONAS,01/08/2015,8434.00
HURTO A PERSONAS,01/09/2015,7942.00
HURTO A PERSONAS,01/10/2015,8843.00
HURTO A PERSONAS,01/11/2015,8332.00
HURTO A PERSONAS,01/12/2015,7845.00
HURTO A PERSONAS,01/01/2016,11921.00
HURTO A PERSONAS,01/02/2016,12506.00
HURTO A PERSONAS,01/03/2016,11775.00
HURTO A PERSONAS,01/04/2016,11657.00
HURTO A PERSONAS,01/05/2016,11772.00
HURTO A PERSONAS,01/06/2016,11686.00
HURTO A PERSONAS,01/07/2016,11855.00
HURTO A PERSONAS,01/08/2016,12754.00
HURTO A PERSONAS,01/09/2016,12683.00
HURTO A PERSONAS,01/10/2016,12839.00
HURTO A PERSONAS,01/11/2016,12388.00
HURTO A PERSONAS,01/12/2016,13027.00
HURTO A PERSONAS,01/01/2017,14978.00
HURTO A PERSONAS,01/02/2017,14952.00
HURTO A PERSONAS,01/03/2017,16238.00
HURTO A PERSONAS,01/04/2017,14276.00
HURTO A PERSONAS,01/05/2017,15519.00
HURTO A PERSONAS,01/06/2017,14884.00
HURTO A PERSONAS,01/07/2017,15678.00
HURTO A PERSONAS,01/08/2017,20027.00
HURTO A PERSONAS,01/09/2017,19627.00
HURTO A PERSONAS,01/10/2017,21063.00
HURTO A PERSONAS,01/11/2017,21458.00
HURTO A PERSONAS,01/12/2017,21081.00
HURTO A PERSONAS,01/01/2018,18813.00
HURTO A PERSONAS,01/02/2018,19010.00
HURTO A PERSONAS,01/03/2018,19766.00
HURTO A PERSONAS,01/04/2018,22250.00
HURTO A PERSONAS,01/05/2018,21942.00
HURTO A PERSONAS,01/06/2018,20590.00
HURTO A PERSONAS,01/07/2018,20904.00
HURTO A PERSONAS,01/08/2018,23326.00
HURTO A PERSONAS,01/09/2018,21938.00
HURTO A PERSONAS,01/10/2018,23539.00
HURTO A PERSONAS,01/11/2018,22555.00
HURTO A PERSONAS,01/12/2018,22435.00
HURTO A PERSONAS,01/01/2019,21785.00
HURTO A PERSONAS,01/02/2019,22992.00
HURTO A PERSONAS,01/03/2019,26513.00
HURTO A PERSONAS,01/04/2019,23847.00
HURTO A PERSONAS,01/05/2019,25809.00
HURTO A PERSONAS,01/06/2019,24036.00
HURTO A PERSONAS,01/07/2019,25192.00
HURTO A PERSONAS,01/08/2019,26420.00
HURTO A PERSONAS,01/09/2019,25131.00
HURTO A PERSONAS,01/10/2019,26518.00
HURTO A PERSONAS,01/11/2019,27064.00
HURTO A PERSONAS,01/12/2019,31529.00
HURTO A PERSONAS,01/01/2020,30419.00
HURTO A PERSONAS,01/02/2020,21733.00
HURTO A PERSONAS,01/03/2020,14959.00
HURTO A PERSONAS,01/04/2020,6499.00
HURTO A PERSONAS,01/05/2020,11592.00
HURTO A PERSONAS,01/06/2020,13768.00
HURTO A PERSONAS,01/07/2020,16253.00
HURTO A PERSONAS,01/08/2020,15908.00
HURTO A PERSONAS,01/09/2020,17107.00
HURTO A PERSONAS,01/10/2020,19164.00
HURTO A PERSONAS,01/11/2020,19245.00
HURTO A PERSONAS,01/12/2020,590.00
HURTO A PERSONAS,01/01/2021,18214.00
HURTO A PERSONAS,01/02/2021,19566.00
HURTO A PERSONAS,01/03/2021,22429.00
HURTO A PERSONAS,01/04/2021,18711.00
HURTO A PERSONAS,01/05/2021,21495.00
HURTO A PERSONAS,01/06/2021,23102.00
HURTO A PERSONAS,01/07/2021,24591.00
HURTO A PERSONAS,01/08/2021,24950.00
HURTO A PERSONAS,01/09/2021,24453.00
HURTO A PERSONAS,01/10/2021,28281.00
HURTO A PERSONAS,01/11/2021,28423.00
HURTO A PERSONAS,01/12/2021,27201.00
HURTO A PERSONAS,01/01/2022,23813.00
HURTO A PERSONAS,01/02/2022,24404.00
HURTO A PERSONAS,01/03/2022,29597.00
HURTO A PERSONAS,01/04/2022,26822.00
HURTO A PERSONAS,01/05/2022,25711.00
HURTO A PERSONAS,01/06/2022,24107.00
HURTO A PERSONAS,01/07/2022,24845.00
HURTO A PERSONAS,01/08/2022,30997.00
HURTO A PERSONAS,01/09/2022,35577.00
HURTO A PERSONAS,01/10/2022,37326.00
HURTO A PERSONAS,01/11/2022,33172.00
HURTO A PERSONAS,01/12/2022,35309.00
HURTO A PERSONAS,01/01/2023,32994.00
HURTO A PERSONAS,01/02/2023,30079.00
HURTO A PERSONAS,01/03/2023,35088.00
HURTO A PERSONAS,01/04/2023,32624.00
HURTO A PERSONAS,01/05/2023,34068.00
HURTO A PERSONAS,01/06/2023,33305.00
HURTO A PERSONAS,01/07/2023,31962.00
HURTO A PERSONAS,01/08/2023,32775.00
HURTO A PERSONAS,01/09/2023,31575.00
HURTO A PERSONAS,01/10/2023,32406.00
HURTO A PERSONAS,01/11/2023,32096.00
HURTO A PERSONAS,01/12/2023,32033.00
HURTO A PERSONAS,01/01/2024,29455.00
HURTO A PERSONAS,01/02/2024,27309.00
HURTO A PERSONAS,01/03/2024,24326.00
HURTO A PERSONAS,01/04/2024,27410.00
HURTO A PERSONAS,01/05/2024,27590.00
HURTO A PERSONAS,01/06/2024,23735.00
HURTO A PERSONAS,01/07/2024,25234.00
HURTO A PERSONAS,01/08/2024,27743.00
HURTO A PERSONAS,01/09/2024,26501.00
HURTO A PERSONAS,01/10/2024,27326.00
HURTO A PERSONAS,01/11/2024,27079.00
HURTO A PERSONAS,01/12/2024,22506.00
HURTO A PERSONAS,01/01/2025,23810.00
HURTO A PERSONAS,01/02/2025,23574.00
HURTO A PERSONAS,01/03/2025,25256.00
HURTO A PERSONAS,01/04/2025,24788.00
HURTO A PERSONAS,01/05/2025,23265.00
HURTO A PERSONAS,01/06/2025,23461.00
HURTO A PERSONAS,01/07/2025,25515.00
HURTO A PERSONAS,01/08/2025,25256.00
HURTO A PERSONAS,01/09/2025,25479.00
HURTO A PERSONAS,01/10/2025,29340.00
HURTO A PERSONAS,01/11/2025,21378.00
HURTO A PERSONAS,01/12/2025,21467.00
LESIONES PERSONALES,01/01/2005,2671.00
LESIONES PERSONALES,01/02/2005,2605.00
LESIONES PERSONALES,01/03/2005,2453.00
LESIONES PERSONALES,01/04/2005,2268.00
LESIONES PERSONALES,01/05/2005,2303.00
LESIONES PERSONALES,01/06/2005,2053.00
LESIONES PERSONALES,01/07/2005,2317.00
LESIONES PERSONALES,01/08/2005,2342.00
LESIONES PERSONALES,01/09/2005,2598.00
LESIONES PERSONALES,01/10/2005,2785.00
LESIONES PERSONALES,01/11/2005,2669.00
LESIONES PERSONALES,01/12/2005,3345.00
LESIONES PERSONALES,01/01/2006,3998.00
LESIONES PERSONALES,01/02/2006,3726.00
LESIONES PERSONALES,01/03/2006,3616.00
LESIONES PERSONALES,01/04/2006,3722.00
LESIONES PERSONALES,01/05/2006,3519.00
LESIONES PERSONALES,01/06/2006,3730.00
LESIONES PERSONALES,01/07/2006,3802.00
LESIONES PERSONALES,01/08/2006,3939.00
LESIONES PERSONALES,01/09/2006,4065.00
LESIONES PERSONALES,01/10/2006,4209.00
LESIONES PERSONALES,01/11/2006,3817.00
LESIONES PERSONALES,01/12/2006,4387.00
LESIONES PERSONALES,01/01/2007,5057.00
LESIONES PERSONALES,01/02/2007,4551.00
LESIONES PERSONALES,01/03/2007,4550.00
LESIONES PERSONALES,01/04/2007,4191.00
LESIONES PERSONALES,01/05/2007,3905.00
LESIONES PERSONALES,01/06/2007,3377.00
LESIONES PERSONALES,01/07/2007,3600.00
LESIONES PERSONALES,01/08/2007,3556.00
LESIONES PERSONALES,01/09/2007,3989.00
LESIONES PERSONALES,01/10/2007,3690.00
LESIONES PERSONALES,01/11/2007,3666.00
LESIONES PERSONALES,01/12/2007,3826.00
LESIONES PERSONALES,01/01/2008,5117.00
LESIONES PERSONALES,01/02/2008,4915.00
LESIONES PERSONALES,01/03/2008,5146.00
LESIONES PERSONALES,01/04/2008,4972.00
LESIONES PERSONALES,01/05/2008,5138.00
LESIONES PERSONALES,01/06/2008,5123.00
LESIONES PERSONALES,01/07/2008,4831.00
LESIONES PERSONALES,01/08/2008,4983.00
LESIONES PERSONALES,01/09/2008,5117.00
LESIONES PERSONALES,01/10/2008,4704.00
LESIONES PERSONALES,01/11/2008,4555.00
LESIONES PERSONALES,01/12/2008,4313.00
LESIONES PERSONALES,01/01/2009,5255.00
LESIONES PERSONALES,01/02/2009,4420.00
LESIONES PERSONALES,01/03/2009,4737.00
LESIONES PERSONALES,01/04/2009,4265.00
LESIONES PERSONALES,01/05/2009,4912.00
LESIONES PERSONALES,01/06/2009,4457.00
LESIONES PERSONALES,01/07/2009,4526.00
LESIONES PERSONALES,01/08/2009,4801.00
LESIONES PERSONALES,01/09/2009,4322.00
LESIONES PERSONALES,01/10/2009,4612.00
LESIONES PERSONALES,01/11/2009,4465.00
LESIONES PERSONALES,01/12/2009,4351.00
LESIONES PERSONALES,01/01/2010,5327.00
LESIONES PERSONALES,01/02/2010,4572.00
LESIONES PERSONALES,01/03/2010,4863.00
LESIONES PERSONALES,01/04/2010,4495.00
LESIONES PERSONALES,01/05/2010,4684.00
LESIONES PERSONALES,01/06/2010,4094.00
LESIONES PERSONALES,01/07/2010,4340.00
LESIONES PERSONALES,01/08/2010,4488.00
LESIONES PERSONALES,01/09/2010,4131.00
LESIONES PERSONALES,01/10/2010,4304.00
LESIONES PERSONALES,01/11/2010,3661.00
LESIONES PERSONALES,01/12/2010,4182.00
LESIONES PERSONALES,01/01/2011,5724.00
LESIONES PERSONALES,01/02/2011,4870.00
LESIONES PERSONALES,01/03/2011,5174.00
LESIONES PERSONALES,01/04/2011,4775.00
LESIONES PERSONALES,01/05/2011,5537.00
LESIONES PERSONALES,01/06/2011,5132.00
LESIONES PERSONALES,01/07/2011,5241.00
LESIONES PERSONALES,01/08/2011,5334.00
LESIONES PERSONALES,01/09/2011,4983.00
LESIONES PERSONALES,01/10/2011,5095.00
LESIONES PERSONALES,01/11/2011,5123.00
LESIONES PERSONALES,01/12/2011,5198.00
LESIONES PERSONALES,01/01/2012,7894.00
LESIONES PERSONALES,01/02/2012,6678.00
LESIONES PERSONALES,01/03/2012,6982.00
LESIONES PERSONALES,01/04/2012,7274.00
LESIONES PERSONALES,01/05/2012,7208.00
LESIONES PERSONALES,01/06/2012,6836.00
LESIONES PERSONALES,01/07/2012,7777.00
LESIONES PERSONALES,01/08/2012,6548.00
LESIONES PERSONALES,01/09/2012,6631.00
LESIONES PERSONALES,01/10/2012,5921.00
LESIONES PERSONALES,01/11/2012,5519.00
LESIONES PERSONALES,01/12/2012,6915.00
LESIONES PERSONALES,01/01/2013,8352.00
LESIONES PERSONALES,01/02/2013,7158.00
LESIONES PERSONALES,01/03/2013,7252.00
LESIONES PERSONALES,01/04/2013,7019.00
LESIONES PERSONALES,01/05/2013,6900.00
LESIONES PERSONALES,01/06/2013,7017.00
LESIONES PERSONALES,01/07/2013,6723.00
LESIONES PERSONALES,01/08/2013,6901.00
LESIONES PERSONALES,01/09/2013,7098.00
LESIONES PERSONALES,01/10/2013,6414.00
LESIONES PERSONALES,01/11/2013,5872.00
LESIONES PERSONALES,01/12/2013,6234.00
LESIONES PERSONALES,01/01/2014,7011.00
LESIONES PERSONALES,01/02/2014,6528.00
LESIONES PERSONALES,01/03/2014,7823.00
LESIONES PERSONALES,01/04/2014,6244.00
LESIONES PERSONALES,01/05/2014,7185.00
LESIONES PERSONALES,01/06/2014,7359.00
LESIONES PERSONALES,01/07/2014,7298.00
LESIONES PERSONALES,01/08/2014,7260.00
LESIONES PERSONALES,01/09/2014,7074.00
LESIONES PERSONALES,01/10/2014,6007.00
LESIONES PERSONALES,01/11/2014,6252.00
LESIONES PERSONALES,01/12/2014,6195.00
LESIONES PERSONALES,01/01/2015,7583.00
LESIONES PERSONALES,01/02/2015,7459.00
LESIONES PERSONALES,01/03/2015,7292.00
LESIONES PERSONALES,01/04/2015,6461.00
LESIONES PERSONALES,01/05/2015,7679.00
LESIONES PERSONALES,01/06/2015,8104.00
LESIONES PERSONALES,01/07/2015,7161.00
LESIONES PERSONALES,01/08/2015,7554.00
LESIONES PERSONALES,01/09/2015,7139.00
LESIONES PERSONALES,01/10/2015,6922.00
LESIONES PERSONALES,01/11/2015,6761.00
LESIONES PERSONALES,01/12/2015,6851.00
LESIONES PERSONALES,01/01/2016,11187.00
LESIONES PERSONALES,01/02/2016,11312.00
LESIONES PERSONALES,01/03/2016,11193.00
LESIONES PERSONALES,01/04/2016,10213.00
LESIONES PERSONALES,01/05/2016,11163.00
LESIONES PERSONALES,01/06/2016,10308.00
LESIONES PERSONALES,01/07/2016,10709.00
LESIONES PERSONALES,01/08/2016,10713.00
LESIONES PERSONALES,01/09/2016,10300.00
LESIONES PERSONALES,01/10/2016,10228.00
LESIONES PERSONALES,01/11/2016,9497.00
LESIONES PERSONALES,01/12/2016,10399.00
LESIONES PERSONALES,01/01/2017,10600.00
LESIONES PERSONALES,01/02/2017,9530.00
LESIONES PERSONALES,01/03/2017,10422.00
LESIONES PERSONALES,01/04/2017,10490.00
LESIONES PERSONALES,01/05/2017,10958.00
LESIONES PERSONALES,01/06/2017,10367.00
LESIONES PERSONALES,01/07/2017,11962.00
LESIONES PERSONALES,01/08/2017,11167.00
LESIONES PERSONALES,01/09/2017,11387.00
LESIONES PERSONALES,01/10/2017,12053.00
LESIONES PERSONALES,01/11/2017,12018.00
LESIONES PERSONALES,01/12/2017,11701.00
LESIONES PERSONALES,01/01/2018,11884.00
LESIONES PERSONALES,01/02/2018,11125.00
LESIONES PERSONALES,01/03/2018,12284.00
LESIONES PERSONALES,01/04/2018,12031.00
LESIONES PERSONALES,01/05/2018,11094.00
LESIONES PERSONALES,01/06/2018,11802.00
LESIONES PERSONALES,01/07/2018,12238.00
LESIONES PERSONALES,01/08/2018,11626.00
LESIONES PERSONALES,01/09/2018,11454.00
LESIONES PERSONALES,01/10/2018,10755.00
LESIONES PERSONALES,01/11/2018,10340.00
LESIONES PERSONALES,01/12/2018,11670.00
LESIONES PERSONALES,01/01/2019,10143.00
LESIONES PERSONALES,01/02/2019,9590.00
LESIONES PERSONALES,01/03/2019,11684.00
LESIONES PERSONALES,01/04/2019,9580.00
LESIONES PERSONALES,01/05/2019,11146.00
LESIONES PERSONALES,01/06/2019,10742.00
LESIONES PERSONALES,01/07/2019,9266.00
LESIONES PERSONALES,01/08/2019,9270.00
LESIONES PERSONALES,01/09/2019,9479.00
LESIONES PERSONALES,01/10/2019,9379.00
LESIONES PERSONALES,01/11/2019,8975.00
LESIONES PERSONALES,01/12/2019,10039.00
LESIONES PERSONALES,01/01/2020,9117.00
LESIONES PERSONALES,01/02/2020,9278.00
LESIONES PERSONALES,01/03/2020,7276.00
LESIONES PERSONALES,01/04/2020,3629.00
LESIONES PERSONALES,01/05/2020,5432.00
LESIONES PERSONALES,01/06/2020,5351.00
LESIONES PERSONALES,01/07/2020,5957.00
LESIONES PERSONALES,01/08/2020,6980.00
LESIONES PERSONALES,01/09/2020,7501.00
LESIONES PERSONALES,01/10/2020,7890.00
LESIONES PERSONALES,01/11/2020,7803.00
LESIONES PERSONALES,01/12/2020,8697.00
LESIONES PERSONALES,01/01/2021,6613.00
LESIONES PERSONALES,01/02/2021,8167.00
LESIONES PERSONALES,01/03/2021,8419.00
LESIONES PERSONALES,01/04/2021,7813.00
LESIONES PERSONALES,01/05/2021,9223.00
LESIONES PERSONALES,01/06/2021,8309.00
LESIONES PERSONALES,01/07/2021,8447.00
LESIONES PERSONALES,01/08/2021,8967.00
LESIONES PERSONALES,01/09/2021,9439.00
LESIONES PERSONALES,01/10/2021,9637.00
LESIONES PERSONALES,01/11/2021,9516.00
LESIONES PERSONALES,01/12/2021,10755.00
LESIONES PERSONALES,01/01/2022,9220.00
LESIONES PERSONALES,01/02/2022,8885.00
LESIONES PERSONALES,01/03/2022,10645.00
LESIONES PERSONALES,01/04/2022,9131.00
LESIONES PERSONALES,01/05/2022,8198.00
LESIONES PERSONALES,01/06/2022,6802.00
LESIONES PERSONALES,01/07/2022,8044.00
LESIONES PERSONALES,01/08/2022,7437.00
LESIONES PERSONALES,01/09/2022,7880.00
LESIONES PERSONALES,01/10/2022,8317.00
LESIONES PERSONALES,01/11/2022,7103.00
LESIONES PERSONALES,01/12/2022,7848.00
LESIONES PERSONALES,01/01/2023,7459.00
LESIONES PERSONALES,01/02/2023,7094.00
LESIONES PERSONALES,01/03/2023,7953.00
LESIONES PERSONALES,01/04/2023,7456.00
LESIONES PERSONALES,01/05/2023,7951.00
LESIONES PERSONALES,01/06/2023,8029.00
LESIONES PERSONALES,01/07/2023,8544.00
LESIONES PERSONALES,01/08/2023,8143.00
LESIONES PERSONALES,01/09/2023,8721.00
LESIONES PERSONALES,01/10/2023,9547.00
LESIONES PERSONALES,01/11/2023,8770.00
LESIONES PERSONALES,01/12/2023,9218.00
LESIONES PERSONALES,01/01/2024,6952.00
LESIONES PERSONALES,01/02/2024,6793.00
LESIONES PERSONALES,01/03/2024,7843.00
LESIONES PERSONALES,01/04/2024,6898.00
LESIONES PERSONALES,01/05/2024,7724.00
LESIONES PERSONALES,01/06/2024,7310.00
LESIONES PERSONALES,01/07/2024,8001.00
LESIONES PERSONALES,01/08/2024,7547.00
LESIONES PERSONALES,01/09/2024,8296.00
LESIONES PERSONALES,01/10/2024,7996.00
LESIONES PERSONALES,01/11/2024,7745.00
LESIONES PERSONALES,01/12/2024,7840.00
LESIONES PERSONALES,01/01/2025,6432.00
LESIONES PERSONALES,01/02/2025,6065.00
LESIONES PERSONALES,01/03/2025,7560.00
LESIONES PERSONALES,01/04/2025,7043.00
LESIONES PERSONALES,01/05/2025,7043.00
LESIONES PERSONALES,01/06/2025,7189.00
LESIONES PERSONALES,01/07/2025,8054.00
LESIONES PERSONALES,01/08/2025,8242.00
LESIONES PERSONALES,01/09/2025,8371.00
LESIONES PERSONALES,01/10/2025,8497.00
LESIONES PERSONALES,01/11/2025,8236.00
LESIONES PERSONALES,01/12/2025,6927.00
VIOLENCIA INTRAFAMILIAR,01/01/2005,861.00
VIOLENCIA INTRAFAMILIAR,01/02/2005,998.00
VIOLENCIA INTRAFAMILIAR,01/03/2005,1039.00
VIOLENCIA INTRAFAMILIAR,01/04/2005,1022.00
VIOLENCIA INTRAFAMILIAR,01/05/2005,1101.00
VIOLENCIA INTRAFAMILIAR,01/06/2005,1197.00
VIOLENCIA INTRAFAMILIAR,01/07/2005,1285.00
VIOLENCIA INTRAFAMILIAR,01/08/2005,1202.00
VIOLENCIA INTRAFAMILIAR,01/09/2005,1257.00
VIOLENCIA INTRAFAMILIAR,01/10/2005,1267.00
VIOLENCIA INTRAFAMILIAR,01/11/2005,1145.00
VIOLENCIA INTRAFAMILIAR,01/12/2005,1209.00
VIOLENCIA INTRAFAMILIAR,01/01/2006,1527.00
VIOLENCIA INTRAFAMILIAR,01/02/2006,1290.00
VIOLENCIA INTRAFAMILIAR,01/03/2006,1503.00
VIOLENCIA INTRAFAMILIAR,01/04/2006,1530.00
VIOLENCIA INTRAFAMILIAR,01/05/2006,1398.00
VIOLENCIA INTRAFAMILIAR,01/06/2006,1651.00
VIOLENCIA INTRAFAMILIAR,01/07/2006,1817.00
VIOLENCIA INTRAFAMILIAR,01/08/2006,2071.00
VIOLENCIA INTRAFAMILIAR,01/09/2006,2038.00
VIOLENCIA INTRAFAMILIAR,01/10/2006,2036.00
VIOLENCIA INTRAFAMILIAR,01/11/2006,1786.00
VIOLENCIA INTRAFAMILIAR,01/12/2006,1737.00
VIOLENCIA INTRAFAMILIAR,01/01/2007,2100.00
VIOLENCIA INTRAFAMILIAR,01/02/2007,1816.00
VIOLENCIA INTRAFAMILIAR,01/03/2007,1964.00
VIOLENCIA INTRAFAMILIAR,01/04/2007,1701.00
VIOLENCIA INTRAFAMILIAR,01/05/2007,1757.00
VIOLENCIA INTRAFAMILIAR,01/06/2007,1733.00
VIOLENCIA INTRAFAMILIAR,01/07/2007,1717.00
VIOLENCIA INTRAFAMILIAR,01/08/2007,1619.00
VIOLENCIA INTRAFAMILIAR,01/09/2007,1757.00
VIOLENCIA INTRAFAMILIAR,01/10/2007,1545.00
VIOLENCIA INTRAFAMILIAR,01/11/2007,1437.00
VIOLENCIA INTRAFAMILIAR,01/12/2007,1099.00
VIOLENCIA INTRAFAMILIAR,01/01/2008,2161.00
VIOLENCIA INTRAFAMILIAR,01/02/2008,1994.00
VIOLENCIA INTRAFAMILIAR,01/03/2008,1907.00
VIOLENCIA INTRAFAMILIAR,01/04/2008,1772.00
VIOLENCIA INTRAFAMILIAR,01/05/2008,1954.00
VIOLENCIA INTRAFAMILIAR,01/06/2008,1977.00
VIOLENCIA INTRAFAMILIAR,01/07/2008,1694.00
VIOLENCIA INTRAFAMILIAR,01/08/2008,1863.00
VIOLENCIA INTRAFAMILIAR,01/09/2008,1559.00
VIOLENCIA INTRAFAMILIAR,01/10/2008,1541.00
VIOLENCIA INTRAFAMILIAR,01/11/2008,1494.00
VIOLENCIA INTRAFAMILIAR,01/12/2008,1318.00
VIOLENCIA INTRAFAMILIAR,01/01/2009,2345.00
VIOLENCIA INTRAFAMILIAR,01/02/2009,2157.00
VIOLENCIA INTRAFAMILIAR,01/03/2009,2638.00
VIOLENCIA INTRAFAMILIAR,01/04/2009,2146.00
VIOLENCIA INTRAFAMILIAR,01/05/2009,2347.00
VIOLENCIA INTRAFAMILIAR,01/06/2009,2088.00
VIOLENCIA INTRAFAMILIAR,01/07/2009,1981.00
VIOLENCIA INTRAFAMILIAR,01/08/2009,2188.00
VIOLENCIA INTRAFAMILIAR,01/09/2009,1972.00
VIOLENCIA INTRAFAMILIAR,01/10/2009,1805.00
VIOLENCIA INTRAFAMILIAR,01/11/2009,1754.00
VIOLENCIA INTRAFAMILIAR,01/12/2009,1478.00
VIOLENCIA INTRAFAMILIAR,01/01/2010,2386.00
VIOLENCIA INTRAFAMILIAR,01/02/2010,2080.00
VIOLENCIA INTRAFAMILIAR,01/03/2010,1960.00
VIOLENCIA INTRAFAMILIAR,01/04/2010,1838.00
VIOLENCIA INTRAFAMILIAR,01/05/2010,2339.00
VIOLENCIA INTRAFAMILIAR,01/06/2010,1847.00
VIOLENCIA INTRAFAMILIAR,01/07/2010,1949.00
VIOLENCIA INTRAFAMILIAR,01/08/2010,2041.00
VIOLENCIA INTRAFAMILIAR,01/09/2010,2126.00
VIOLENCIA INTRAFAMILIAR,01/10/2010,1790.00
VIOLENCIA INTRAFAMILIAR,01/11/2010,1368.00
VIOLENCIA INTRAFAMILIAR,01/12/2010,1447.00
VIOLENCIA INTRAFAMILIAR,01/01/2011,2378.00
VIOLENCIA INTRAFAMILIAR,01/02/2011,2284.00
VIOLENCIA INTRAFAMILIAR,01/03/2011,2346.00
VIOLENCIA INTRAFAMILIAR,01/04/2011,2194.00
VIOLENCIA INTRAFAMILIAR,01/05/2011,2484.00
VIOLENCIA INTRAFAMILIAR,01/06/2011,2208.00
VIOLENCIA INTRAFAMILIAR,01/07/2011,2403.00
VIOLENCIA INTRAFAMILIAR,01/08/2011,2628.00
VIOLENCIA INTRAFAMILIAR,01/09/2011,2246.00
VIOLENCIA INTRAFAMILIAR,01/10/2011,2236.00
VIOLENCIA INTRAFAMILIAR,01/11/2011,2050.00
VIOLENCIA INTRAFAMILIAR,01/12/2011,1737.00
VIOLENCIA INTRAFAMILIAR,01/01/2012,3371.00
VIOLENCIA INTRAFAMILIAR,01/02/2012,3032.00
VIOLENCIA INTRAFAMILIAR,01/03/2012,2967.00
VIOLENCIA INTRAFAMILIAR,01/04/2012,2803.00
VIOLENCIA INTRAFAMILIAR,01/05/2012,2949.00
VIOLENCIA INTRAFAMILIAR,01/06/2012,2738.00
VIOLENCIA INTRAFAMILIAR,01/07/2012,2872.00
VIOLENCIA INTRAFAMILIAR,01/08/2012,2789.00
VIOLENCIA INTRAFAMILIAR,01/09/2012,3012.00
VIOLENCIA INTRAFAMILIAR,01/10/2012,2222.00
VIOLENCIA INTRAFAMILIAR,01/11/2012,1865.00
VIOLENCIA INTRAFAMILIAR,01/12/2012,1797.00
VIOLENCIA INTRAFAMILIAR,01/01/2013,3750.00
VIOLENCIA INTRAFAMILIAR,01/02/2013,3366.00
VIOLENCIA INTRAFAMILIAR,01/03/2013,3402.00
VIOLENCIA INTRAFAMILIAR,01/04/2013,3215.00
VIOLENCIA INTRAFAMILIAR,01/05/2013,2974.00
VIOLENCIA INTRAFAMILIAR,01/06/2013,2720.00
VIOLENCIA INTRAFAMILIAR,01/07/2013,2574.00
VIOLENCIA INTRAFAMILIAR,01/08/2013,2529.00
VIOLENCIA INTRAFAMILIAR,01/09/2013,2515.00
VIOLENCIA INTRAFAMILIAR,01/10/2013,2323.00
VIOLENCIA INTRAFAMILIAR,01/11/2013,1917.00
VIOLENCIA INTRAFAMILIAR,01/12/2013,1791.00
VIOLENCIA INTRAFAMILIAR,01/01/2014,4337.00
VIOLENCIA INTRAFAMILIAR,01/02/2014,4867.00
VIOLENCIA INTRAFAMILIAR,01/03/2014,5232.00
VIOLENCIA INTRAFAMILIAR,01/04/2014,4108.00
VIOLENCIA INTRAFAMILIAR,01/05/2014,4882.00
VIOLENCIA INTRAFAMILIAR,01/06/2014,4428.00
VIOLENCIA INTRAFAMILIAR,01/07/2014,3351.00
VIOLENCIA INTRAFAMILIAR,01/08/2014,3842.00
VIOLENCIA INTRAFAMILIAR,01/09/2014,4439.00
VIOLENCIA INTRAFAMILIAR,01/10/2014,3521.00
VIOLENCIA INTRAFAMILIAR,01/11/2014,2748.00
VIOLENCIA INTRAFAMILIAR,01/12/2014,2687.00
VIOLENCIA INTRAFAMILIAR,01/01/2015,5339.00
VIOLENCIA INTRAFAMILIAR,01/02/2015,6217.00
VIOLENCIA INTRAFAMILIAR,01/03/2015,6124.00
VIOLENCIA INTRAFAMILIAR,01/04/2015,6015.00
VIOLENCIA INTRAFAMILIAR,01/05/2015,7191.00
VIOLENCIA INTRAFAMILIAR,01/06/2015,6331.00
VIOLENCIA INTRAFAMILIAR,01/07/2015,6601.00
VIOLENCIA INTRAFAMILIAR,01/08/2015,6868.00
VIOLENCIA INTRAFAMILIAR,01/09/2015,6866.00
VIOLENCIA INTRAFAMILIAR,01/10/2015,6463.00
VIOLENCIA INTRAFAMILIAR,01/11/2015,5767.00
VIOLENCIA INTRAFAMILIAR,01/12/2015,5920.00
VIOLENCIA INTRAFAMILIAR,01/01/2016,8948.00
VIOLENCIA INTRAFAMILIAR,01/02/2016,9406.00
VIOLENCIA INTRAFAMILIAR,01/03/2016,8759.00
VIOLENCIA INTRAFAMILIAR,01/04/2016,8102.00
VIOLENCIA INTRAFAMILIAR,01/05/2016,8605.00
VIOLENCIA INTRAFAMILIAR,01/06/2016,7749.00
VIOLENCIA INTRAFAMILIAR,01/07/2016,7616.00
VIOLENCIA INTRAFAMILIAR,01/08/2016,7962.00
VIOLENCIA INTRAFAMILIAR,01/09/2016,7860.00
VIOLENCIA INTRAFAMILIAR,01/10/2016,7644.00
VIOLENCIA INTRAFAMILIAR,01/11/2016,7199.00
VIOLENCIA INTRAFAMILIAR,01/12/2016,7293.00
VIOLENCIA INTRAFAMILIAR,01/01/2017,8340.00
VIOLENCIA INTRAFAMILIAR,01/02/2017,8558.00
VIOLENCIA INTRAFAMILIAR,01/03/2017,9041.00
VIOLENCIA INTRAFAMILIAR,01/04/2017,8495.00
VIOLENCIA INTRAFAMILIAR,01/05/2017,9659.00
VIOLENCIA INTRAFAMILIAR,01/06/2017,8061.00
VIOLENCIA INTRAFAMILIAR,01/07/2017,8367.00
VIOLENCIA INTRAFAMILIAR,01/08/2017,8251.00
VIOLENCIA INTRAFAMILIAR,01/09/2017,8721.00
VIOLENCIA INTRAFAMILIAR,01/10/2017,8233.00
VIOLENCIA INTRAFAMILIAR,01/11/2017,8325.00
VIOLENCIA INTRAFAMILIAR,01/12/2017,6473.00
VIOLENCIA INTRAFAMILIAR,01/01/2018,8687.00
VIOLENCIA INTRAFAMILIAR,01/02/2018,8406.00
VIOLENCIA INTRAFAMILIAR,01/03/2018,9166.00
VIOLENCIA INTRAFAMILIAR,01/04/2018,9126.00
VIOLENCIA INTRAFAMILIAR,01/05/2018,9371.00
VIOLENCIA INTRAFAMILIAR,01/06/2018,8725.00
VIOLENCIA INTRAFAMILIAR,01/07/2018,8009.00
VIOLENCIA INTRAFAMILIAR,01/08/2018,8256.00
VIOLENCIA INTRAFAMILIAR,01/09/2018,8663.00
VIOLENCIA INTRAFAMILIAR,01/10/2018,7595.00
VIOLENCIA INTRAFAMILIAR,01/11/2018,7035.00
VIOLENCIA INTRAFAMILIAR,01/12/2018,6875.00
VIOLENCIA INTRAFAMILIAR,01/01/2019,7316.00
VIOLENCIA INTRAFAMILIAR,01/02/2019,7701.00
VIOLENCIA INTRAFAMILIAR,01/03/2019,8745.00
VIOLENCIA INTRAFAMILIAR,01/04/2019,7902.00
VIOLENCIA INTRAFAMILIAR,01/05/2019,9553.00
VIOLENCIA INTRAFAMILIAR,01/06/2019,9269.00
VIOLENCIA INTRAFAMILIAR,01/07/2019,11720.00
VIOLENCIA INTRAFAMILIAR,01/08/2019,11861.00
VIOLENCIA INTRAFAMILIAR,01/09/2019,11969.00
VIOLENCIA INTRAFAMILIAR,01/10/2019,10883.00
VIOLENCIA INTRAFAMILIAR,01/11/2019,10052.00
VIOLENCIA INTRAFAMILIAR,01/12/2019,9552.00
VIOLENCIA INTRAFAMILIAR,01/01/2020,11493.00
VIOLENCIA INTRAFAMILIAR,01/02/2020,12128.00
VIOLENCIA INTRAFAMILIAR,01/03/2020,9162.00
VIOLENCIA INTRAFAMILIAR,01/04/2020,7891.00
VIOLENCIA INTRAFAMILIAR,01/05/2020,10045.00
VIOLENCIA INTRAFAMILIAR,01/06/2020,8196.00
VIOLENCIA INTRAFAMILIAR,01/07/2020,8932.00
VIOLENCIA INTRAFAMILIAR,01/08/2020,9504.00
VIOLENCIA INTRAFAMILIAR,01/09/2020,10693.00
VIOLENCIA INTRAFAMILIAR,01/10/2020,10762.00
VIOLENCIA INTRAFAMILIAR,01/11/2020,10158.00
VIOLENCIA INTRAFAMILIAR,01/12/2020,9812.00
VIOLENCIA INTRAFAMILIAR,01/01/2021,8560.00
VIOLENCIA INTRAFAMILIAR,01/02/2021,10880.00
VIOLENCIA INTRAFAMILIAR,01/03/2021,11434.00
VIOLENCIA INTRAFAMILIAR,01/04/2021,10537.00
VIOLENCIA INTRAFAMILIAR,01/05/2021,10664.00
VIOLENCIA INTRAFAMILIAR,01/06/2021,10241.00
VIOLENCIA INTRAFAMILIAR,01/07/2021,10411.00
VIOLENCIA INTRAFAMILIAR,01/08/2021,11422.00
VIOLENCIA INTRAFAMILIAR,01/09/2021,12400.00
VIOLENCIA INTRAFAMILIAR,01/10/2021,10824.00
VIOLENCIA INTRAFAMILIAR,01/11/2021,10795.00
VIOLENCIA INTRAFAMILIAR,01/12/2021,10063.00
VIOLENCIA INTRAFAMILIAR,01/01/2022,10540.00
VIOLENCIA INTRAFAMILIAR,01/02/2022,11519.00
VIOLENCIA INTRAFAMILIAR,01/03/2022,12918.00
VIOLENCIA INTRAFAMILIAR,01/04/2022,10325.00
VIOLENCIA INTRAFAMILIAR,01/05/2022,8589.00
VIOLENCIA INTRAFAMILIAR,01/06/2022,7774.00
VIOLENCIA INTRAFAMILIAR,01/07/2022,8000.00
VIOLENCIA INTRAFAMILIAR,01/08/2022,8307.00
VIOLENCIA INTRAFAMILIAR,01/09/2022,8636.00
VIOLENCIA INTRAFAMILIAR,01/10/2022,9604.00
VIOLENCIA INTRAFAMILIAR,01/11/2022,8587.00
VIOLENCIA INTRAFAMILIAR,01/12/2022,6987.00
VIOLENCIA INTRAFAMILIAR,01/01/2023,7801.00
VIOLENCIA INTRAFAMILIAR,01/02/2023,7962.00
VIOLENCIA INTRAFAMILIAR,01/03/2023,8795.00
VIOLENCIA INTRAFAMILIAR,01/04/2023,7781.00
VIOLENCIA INTRAFAMILIAR,01/05/2023,9450.00
VIOLENCIA INTRAFAMILIAR,01/06/2023,9322.00
VIOLENCIA INTRAFAMILIAR,01/07/2023,10500.00
VIOLENCIA INTRAFAMILIAR,01/08/2023,11277.00
VIOLENCIA INTRAFAMILIAR,01/09/2023,11856.00
VIOLENCIA INTRAFAMILIAR,01/10/2023,12390.00
VIOLENCIA INTRAFAMILIAR,01/11/2023,11467.00
VIOLENCIA INTRAFAMILIAR,01/12/2023,10865.00
VIOLENCIA INTRAFAMILIAR,01/01/2024,9212.00
VIOLENCIA INTRAFAMILIAR,01/02/2024,10040.00
VIOLENCIA INTRAFAMILIAR,01/03/2024,11031.00
VIOLENCIA INTRAFAMILIAR,01/04/2024,10584.00
VIOLENCIA INTRAFAMILIAR,01/05/2024,11805.00
VIOLENCIA INTRAFAMILIAR,01/06/2024,11435.00
VIOLENCIA INTRAFAMILIAR,01/07/2024,12625.00
VIOLENCIA INTRAFAMILIAR,01/08/2024,12413.00
VIOLENCIA INTRAFAMILIAR,01/09/2024,13463.00
VIOLENCIA INTRAFAMILIAR,01/10/2024,13264.00
VIOLENCIA INTRAFAMILIAR,01/11/2024,11931.00
VIOLENCIA INTRAFAMILIAR,01/12/2024,8229.00
VIOLENCIA INTRAFAMILIAR,01/01/2025,10872.00
VIOLENCIA INTRAFAMILIAR,01/02/2025,10255.00
VIOLENCIA INTRAFAMILIAR,01/03/2025,11485.00
VIOLENCIA INTRAFAMILIAR,01/04/2025,11545.00
VIOLENCIA INTRAFAMILIAR,01/05/2025,11145.00
VIOLENCIA INTRAFAMILIAR,01/06/2025,11815.00
VIOLENCIA INTRAFAMILIAR,01/07/2025,14158.00
VIOLENCIA INTRAFAMILIAR,01/08/2025,14003.00
VIOLENCIA INTRAFAMILIAR,01/09/2025,14660.00
VIOLENCIA INTRAFAMILIAR,01/10/2025,13188.00
VIOLENCIA INTRAFAMILIAR,01/11/2025,11786.00
VIOLENCIA INTRAFAMILIAR,01/12/2025,6721.00
TASA DESEMPLEO,01/01/2005,13.26
TASA DESEMPLEO,01/02/2005,14.10
TASA DESEMPLEO,01/03/2005,12.95
TASA DESEMPLEO,01/04/2005,12.02
TASA DESEMPLEO,01/05/2005,12.49
TASA DESEMPLEO,01/06/2005,11.54
TASA DESEMPLEO,01/07/2005,12.05
TASA DESEMPLEO,01/08/2005,11.72
TASA DESEMPLEO,01/09/2005,11.33
TASA DESEMPLEO,01/10/2005,9.90
TASA DESEMPLEO,01/11/2005,10.28
TASA DESEMPLEO,01/12/2005,10.27
TASA DESEMPLEO,01/01/2006,13.37
TASA DESEMPLEO,01/02/2006,13.08
TASA DESEMPLEO,01/03/2006,11.37
TASA DESEMPLEO,01/04/2006,12.06
TASA DESEMPLEO,01/05/2006,11.87
TASA DESEMPLEO,01/06/2006,10.48
TASA DESEMPLEO,01/07/2006,12.30
TASA DESEMPLEO,01/08/2006,13.04
TASA DESEMPLEO,01/09/2006,12.91
TASA DESEMPLEO,01/10/2006,11.36
TASA DESEMPLEO,01/11/2006,11.00
TASA DESEMPLEO,01/12/2006,11.84
TASA DESEMPLEO,01/01/2007,14.28
TASA DESEMPLEO,01/02/2007,12.86
TASA DESEMPLEO,01/03/2007,12.03
TASA DESEMPLEO,01/04/2007,10.81
TASA DESEMPLEO,01/05/2007,11.70
TASA DESEMPLEO,01/06/2007,11.20
TASA DESEMPLEO,01/07/2007,11.35
TASA DESEMPLEO,01/08/2007,10.86
TASA DESEMPLEO,01/09/2007,10.87
TASA DESEMPLEO,01/10/2007,10.21
TASA DESEMPLEO,01/11/2007,9.49
TASA DESEMPLEO,01/12/2007,9.92
TASA DESEMPLEO,01/01/2008,13.30
TASA DESEMPLEO,01/02/2008,12.19
TASA DESEMPLEO,01/03/2008,11.34
TASA DESEMPLEO,01/04/2008,11.08
TASA DESEMPLEO,01/05/2008,10.81
TASA DESEMPLEO,01/06/2008,11.41
TASA DESEMPLEO,01/07/2008,12.21
TASA DESEMPLEO,01/08/2008,11.43
TASA DESEMPLEO,01/09/2008,11.05
TASA DESEMPLEO,01/10/2008,10.18
TASA DESEMPLEO,01/11/2008,10.91
TASA DESEMPLEO,01/12/2008,10.77
TASA DESEMPLEO,01/01/2009,14.47
TASA DESEMPLEO,01/02/2009,12.77
TASA DESEMPLEO,01/03/2009,12.19
TASA DESEMPLEO,01/04/2009,12.12
TASA DESEMPLEO,01/05/2009,11.76
TASA DESEMPLEO,01/06/2009,11.60
TASA DESEMPLEO,01/07/2009,12.84
TASA DESEMPLEO,01/08/2009,11.94
TASA DESEMPLEO,01/09/2009,12.44
TASA DESEMPLEO,01/10/2009,11.76
TASA DESEMPLEO,01/11/2009,11.39
TASA DESEMPLEO,01/12/2009,11.31
TASA DESEMPLEO,01/01/2010,14.88
TASA DESEMPLEO,01/02/2010,12.69
TASA DESEMPLEO,01/03/2010,11.96
TASA DESEMPLEO,01/04/2010,12.44
TASA DESEMPLEO,01/05/2010,12.26
TASA DESEMPLEO,01/06/2010,11.98
TASA DESEMPLEO,01/07/2010,12.86
TASA DESEMPLEO,01/08/2010,11.38
TASA DESEMPLEO,01/09/2010,10.87
TASA DESEMPLEO,01/10/2010,10.45
TASA DESEMPLEO,01/11/2010,10.93
TASA DESEMPLEO,01/12/2010,11.23
TASA DESEMPLEO,01/01/2011,13.90
TASA DESEMPLEO,01/02/2011,13.14
TASA DESEMPLEO,01/03/2011,10.95
TASA DESEMPLEO,01/04/2011,11.27
TASA DESEMPLEO,01/05/2011,11.55
TASA DESEMPLEO,01/06/2011,11.04
TASA DESEMPLEO,01/07/2011,11.70
TASA DESEMPLEO,01/08/2011,10.42
TASA DESEMPLEO,01/09/2011,9.93
TASA DESEMPLEO,01/10/2011,9.36
TASA DESEMPLEO,01/11/2011,9.49
TASA DESEMPLEO,01/12/2011,10.07
TASA DESEMPLEO,01/01/2012,12.79
TASA DESEMPLEO,01/02/2012,12.08
TASA DESEMPLEO,01/03/2012,10.50
TASA DESEMPLEO,01/04/2012,11.09
TASA DESEMPLEO,01/05/2012,11.00
TASA DESEMPLEO,01/06/2012,10.24
TASA DESEMPLEO,01/07/2012,11.16
TASA DESEMPLEO,01/08/2012,9.99
TASA DESEMPLEO,01/09/2012,10.14
TASA DESEMPLEO,01/10/2012,9.17
TASA DESEMPLEO,01/11/2012,9.46
TASA DESEMPLEO,01/12/2012,9.94
TASA DESEMPLEO,01/01/2013,12.34
TASA DESEMPLEO,01/02/2013,12.01
TASA DESEMPLEO,01/03/2013,10.38
TASA DESEMPLEO,01/04/2013,10.45
TASA DESEMPLEO,01/05/2013,9.82
TASA DESEMPLEO,01/06/2013,9.51
TASA DESEMPLEO,01/07/2013,10.16
TASA DESEMPLEO,01/08/2013,9.66
TASA DESEMPLEO,01/09/2013,9.17
TASA DESEMPLEO,01/10/2013,8.13
TASA DESEMPLEO,01/11/2013,8.63
TASA DESEMPLEO,01/12/2013,8.65
TASA DESEMPLEO,01/01/2014,11.53
TASA DESEMPLEO,01/02/2014,11.09
TASA DESEMPLEO,01/03/2014,9.84
TASA DESEMPLEO,01/04/2014,9.31
TASA DESEMPLEO,01/05/2014,9.07
TASA DESEMPLEO,01/06/2014,9.40
TASA DESEMPLEO,01/07/2014,9.69
TASA DESEMPLEO,01/08/2014,9.16
TASA DESEMPLEO,01/09/2014,8.61
TASA DESEMPLEO,01/10/2014,8.10
TASA DESEMPLEO,01/11/2014,8.06
TASA DESEMPLEO,01/12/2014,9.04
TASA DESEMPLEO,01/01/2015,11.15
TASA DESEMPLEO,01/02/2015,10.23
TASA DESEMPLEO,01/03/2015,9.12
TASA DESEMPLEO,01/04/2015,9.74
TASA DESEMPLEO,01/05/2015,9.22
TASA DESEMPLEO,01/06/2015,8.50
TASA DESEMPLEO,01/07/2015,9.22
TASA DESEMPLEO,01/08/2015,9.30
TASA DESEMPLEO,01/09/2015,9.07
TASA DESEMPLEO,01/10/2015,8.44
TASA DESEMPLEO,01/11/2015,7.56
TASA DESEMPLEO,01/12/2015,8.82
TASA DESEMPLEO,01/01/2016,12.18
TASA DESEMPLEO,01/02/2016,10.37
TASA DESEMPLEO,01/03/2016,10.46
TASA DESEMPLEO,01/04/2016,9.32
TASA DESEMPLEO,01/05/2016,9.24
TASA DESEMPLEO,01/06/2016,9.19
TASA DESEMPLEO,01/07/2016,10.20
TASA DESEMPLEO,01/08/2016,9.23
TASA DESEMPLEO,01/09/2016,8.85
TASA DESEMPLEO,01/10/2016,8.63
TASA DESEMPLEO,01/11/2016,7.77
TASA DESEMPLEO,01/12/2016,9.10
TASA DESEMPLEO,01/01/2017,11.96
TASA DESEMPLEO,01/02/2017,10.87
TASA DESEMPLEO,01/03/2017,9.90
TASA DESEMPLEO,01/04/2017,9.14
TASA DESEMPLEO,01/05/2017,9.84
TASA DESEMPLEO,01/06/2017,8.98
TASA DESEMPLEO,01/07/2017,9.94
TASA DESEMPLEO,01/08/2017,9.52
TASA DESEMPLEO,01/09/2017,9.55
TASA DESEMPLEO,01/10/2017,8.74
TASA DESEMPLEO,01/11/2017,8.76
TASA DESEMPLEO,01/12/2017,8.91
TASA DESEMPLEO,01/01/2018,12.14
TASA DESEMPLEO,01/02/2018,11.19
TASA DESEMPLEO,01/03/2018,9.77
TASA DESEMPLEO,01/04/2018,9.73
TASA DESEMPLEO,01/05/2018,9.98
TASA DESEMPLEO,01/06/2018,9.31
TASA DESEMPLEO,01/07/2018,10.04
TASA DESEMPLEO,01/08/2018,9.43
TASA DESEMPLEO,01/09/2018,9.67
TASA DESEMPLEO,01/10/2018,9.36
TASA DESEMPLEO,01/11/2018,8.99
TASA DESEMPLEO,01/12/2018,9.99
TASA DESEMPLEO,01/01/2019,13.08
TASA DESEMPLEO,01/02/2019,12.09
TASA DESEMPLEO,01/03/2019,11.18
TASA DESEMPLEO,01/04/2019,10.66
TASA DESEMPLEO,01/05/2019,10.95
TASA DESEMPLEO,01/06/2019,9.72
TASA DESEMPLEO,01/07/2019,11.28
TASA DESEMPLEO,01/08/2019,11.20
TASA DESEMPLEO,01/09/2019,10.80
TASA DESEMPLEO,01/10/2019,10.12
TASA DESEMPLEO,01/11/2019,9.62
TASA DESEMPLEO,01/12/2019,9.95
TASA DESEMPLEO,01/01/2020,13.46
TASA DESEMPLEO,01/02/2020,12.81
TASA DESEMPLEO,01/03/2020,13.18
TASA DESEMPLEO,01/04/2020,20.49
TASA DESEMPLEO,01/05/2020,21.97
TASA DESEMPLEO,01/06/2020,20.36
TASA DESEMPLEO,01/07/2020,20.91
TASA DESEMPLEO,01/08/2020,17.44
TASA DESEMPLEO,01/09/2020,16.29
TASA DESEMPLEO,01/10/2020,15.28
TASA DESEMPLEO,01/11/2020,13.91
TASA DESEMPLEO,01/12/2020,13.91
TASA DESEMPLEO,01/01/2021,17.56
TASA DESEMPLEO,01/02/2021,15.59
TASA DESEMPLEO,01/03/2021,14.73
TASA DESEMPLEO,01/04/2021,15.49
TASA DESEMPLEO,01/05/2021,15.20
TASA DESEMPLEO,01/06/2021,14.65
TASA DESEMPLEO,01/07/2021,13.06
TASA DESEMPLEO,01/08/2021,12.86
TASA DESEMPLEO,01/09/2021,11.96
TASA DESEMPLEO,01/10/2021,12.00
TASA DESEMPLEO,01/11/2021,11.53
TASA DESEMPLEO,01/12/2021,11.10
TASA DESEMPLEO,01/01/2022,14.65
TASA DESEMPLEO,01/02/2022,12.91
TASA DESEMPLEO,01/03/2022,12.12
TASA DESEMPLEO,01/04/2022,11.17
TASA DESEMPLEO,01/05/2022,10.65
TASA DESEMPLEO,01/06/2022,11.26
TASA DESEMPLEO,01/07/2022,10.99
TASA DESEMPLEO,01/08/2022,10.63
TASA DESEMPLEO,01/09/2022,10.75
TASA DESEMPLEO,01/10/2022,9.72
TASA DESEMPLEO,01/11/2022,9.50
TASA DESEMPLEO,01/12/2022,10.27
TASA DESEMPLEO,01/01/2023,13.70
TASA DESEMPLEO,01/02/2023,11.35
TASA DESEMPLEO,01/03/2023,10.03
TASA DESEMPLEO,01/04/2023,10.72
TASA DESEMPLEO,01/05/2023,10.48
TASA DESEMPLEO,01/06/2023,9.34
TASA DESEMPLEO,01/07/2023,9.57
TASA DESEMPLEO,01/08/2023,9.28
TASA DESEMPLEO,01/09/2023,9.25
TASA DESEMPLEO,01/10/2023,9.23
TASA DESEMPLEO,01/11/2023,9.01
TASA DESEMPLEO,01/12/2023,10.01
TASA DESEMPLEO,01/01/2024,12.66
TASA DESEMPLEO,01/02/2024,11.67
TASA DESEMPLEO,01/03/2024,11.29
TASA DESEMPLEO,01/04/2024,10.65
TASA DESEMPLEO,01/05/2024,10.31
TASA DESEMPLEO,01/06/2024,10.27
TASA DESEMPLEO,01/07/2024,9.92
TASA DESEMPLEO,01/08/2024,9.66
TASA DESEMPLEO,01/09/2024,9.13
TASA DESEMPLEO,01/10/2024,9.13
TASA DESEMPLEO,01/11/2024,8.17
TASA DESEMPLEO,01/12/2024,9.13
TASA DESEMPLEO,01/01/2025,11.64
TASA DESEMPLEO,01/02/2025,10.33
TASA DESEMPLEO,01/03/2025,9.62
TASA DESEMPLEO,01/04/2025,8.78
TASA DESEMPLEO,01/05/2025,9.04
TASA DESEMPLEO,01/06/2025,8.55
TASA DESEMPLEO,01/07/2025,8.84
TASA DESEMPLEO,01/08/2025,8.60
TASA DESEMPLEO,01/09/2025,8.17
TASA DESEMPLEO,01/10/2025,8.20
TASA DESEMPLEO,01/11/2025,7.02
TASA DESEMPLEO,01/12/2025,7.98
ISE,01/01/2005,59.40
ISE,01/02/2005,61.80
ISE,01/03/2005,62.40
ISE,01/04/2005,63.00
ISE,01/05/2005,62.70
ISE,01/06/2005,63.50
ISE,01/07/2005,64.00
ISE,01/08/2005,65.30
ISE,01/09/2005,65.90
ISE,01/10/2005,66.00
ISE,01/11/2005,68.80
ISE,01/12/2005,73.80
ISE,01/01/2006,62.50
ISE,01/02/2006,64.60
ISE,01/03/2006,66.80
ISE,01/04/2006,64.30
ISE,01/05/2006,66.90
ISE,01/06/2006,66.70
ISE,01/07/2006,68.50
ISE,01/08/2006,69.80
ISE,01/09/2006,71.20
ISE,01/10/2006,71.10
ISE,01/11/2006,74.60
ISE,01/12/2006,77.50
ISE,01/01/2007,66.30
ISE,01/02/2007,68.80
ISE,01/03/2007,71.10
ISE,01/04/2007,68.20
ISE,01/05/2007,71.20
ISE,01/06/2007,71.70
ISE,01/07/2007,72.90
ISE,01/08/2007,74.10
ISE,01/09/2007,75.30
ISE,01/10/2007,75.60
ISE,01/11/2007,79.10
ISE,01/12/2007,82.40
ISE,01/01/2008,70.60
ISE,01/02/2008,73.20
ISE,01/03/2008,72.20
ISE,01/04/2008,73.20
ISE,01/05/2008,73.70
ISE,01/06/2008,73.80
ISE,01/07/2008,76.20
ISE,01/08/2008,76.10
ISE,01/09/2008,77.30
ISE,01/10/2008,77.00
ISE,01/11/2008,78.00
ISE,01/12/2008,82.50
ISE,01/01/2009,69.50
ISE,01/02/2009,72.40
ISE,01/03/2009,74.50
ISE,01/04/2009,72.70
ISE,01/05/2009,75.20
ISE,01/06/2009,74.80
ISE,01/07/2009,77.90
ISE,01/08/2009,76.30
ISE,01/09/2009,77.80
ISE,01/10/2009,78.20
ISE,01/11/2009,81.00
ISE,01/12/2009,86.20
ISE,01/01/2010,72.20
ISE,01/02/2010,74.80
ISE,01/03/2010,78.00
ISE,01/04/2010,75.90
ISE,01/05/2010,78.50
ISE,01/06/2010,78.40
ISE,01/07/2010,79.60
ISE,01/08/2010,79.80
ISE,01/09/2010,81.20
ISE,01/10/2010,81.80
ISE,01/11/2010,85.10
ISE,01/12/2010,91.00
ISE,01/01/2011,77.50
ISE,01/02/2011,79.10
ISE,01/03/2011,83.10
ISE,01/04/2011,80.40
ISE,01/05/2011,83.70
ISE,01/06/2011,83.70
ISE,01/07/2011,85.10
ISE,01/08/2011,87.10
ISE,01/09/2011,86.60
ISE,01/10/2011,86.80
ISE,01/11/2011,90.90
ISE,01/12/2011,95.50
ISE,01/01/2012,81.70
ISE,01/02/2012,84.50
ISE,01/03/2012,87.80
ISE,01/04/2012,84.10
ISE,01/05/2012,87.90
ISE,01/06/2012,87.80
ISE,01/07/2012,88.30
ISE,01/08/2012,87.40
ISE,01/09/2012,88.90
ISE,01/10/2012,88.70
ISE,01/11/2012,93.60
ISE,01/12/2012,98.10
ISE,01/01/2013,85.10
ISE,01/02/2013,86.40
ISE,01/03/2013,88.60
ISE,01/04/2013,89.80
ISE,01/05/2013,92.50
ISE,01/06/2013,91.90
ISE,01/07/2013,94.40
ISE,01/08/2013,93.30
ISE,01/09/2013,94.10
ISE,01/10/2013,94.20
ISE,01/11/2013,99.40
ISE,01/12/2013,105.20
ISE,01/01/2014,89.10
ISE,01/02/2014,92.70
ISE,01/03/2014,95.70
ISE,01/04/2014,92.10
ISE,01/05/2014,95.60
ISE,01/06/2014,95.40
ISE,01/07/2014,97.60
ISE,01/08/2014,97.60
ISE,01/09/2014,98.50
ISE,01/10/2014,98.40
ISE,01/11/2014,102.30
ISE,01/12/2014,109.20
ISE,01/01/2015,91.80
ISE,01/02/2015,95.00
ISE,01/03/2015,98.60
ISE,01/04/2015,95.30
ISE,01/05/2015,98.90
ISE,01/06/2015,99.30
ISE,01/07/2015,102.10
ISE,01/08/2015,101.30
ISE,01/09/2015,101.30
ISE,01/10/2015,100.70
ISE,01/11/2015,104.60
ISE,01/12/2015,111.20
ISE,01/01/2016,93.40
ISE,01/02/2016,99.20
ISE,01/03/2016,99.80
ISE,01/04/2016,98.10
ISE,01/05/2016,100.70
ISE,01/06/2016,101.60
ISE,01/07/2016,100.50
ISE,01/08/2016,104.70
ISE,01/09/2016,103.70
ISE,01/10/2016,102.00
ISE,01/11/2016,107.80
ISE,01/12/2016,114.90
ISE,01/01/2017,94.80
ISE,01/02/2017,98.90
ISE,01/03/2017,102.20
ISE,01/04/2017,97.80
ISE,01/05/2017,102.10
ISE,01/06/2017,104.50
ISE,01/07/2017,104.20
ISE,01/08/2017,105.80
ISE,01/09/2017,104.20
ISE,01/10/2017,103.20
ISE,01/11/2017,108.90
ISE,01/12/2017,116.80
ISE,01/01/2018,96.30
ISE,01/02/2018,100.40
ISE,01/03/2018,103.90
ISE,01/04/2018,101.70
ISE,01/05/2018,104.30
ISE,01/06/2018,106.40
ISE,01/07/2018,107.30
ISE,01/08/2018,109.10
ISE,01/09/2018,106.80
ISE,01/10/2018,106.90
ISE,01/11/2018,112.60
ISE,01/12/2018,119.00
ISE,01/01/2019,99.80
ISE,01/02/2019,104.00
ISE,01/03/2019,107.40
ISE,01/04/2019,104.10
ISE,01/05/2019,108.70
ISE,01/06/2019,108.90
ISE,01/07/2019,111.90
ISE,01/08/2019,111.80
ISE,01/09/2019,108.90
ISE,01/10/2019,110.30
ISE,01/11/2019,115.30
ISE,01/12/2019,122.60
ISE,01/01/2020,103.20
ISE,01/02/2020,107.70
ISE,01/03/2020,100.60
ISE,01/04/2020,83.10
ISE,01/05/2020,89.80
ISE,01/06/2020,95.30
ISE,01/07/2020,100.00
ISE,01/08/2020,100.20
ISE,01/09/2020,101.90
ISE,01/10/2020,105.10
ISE,01/11/2020,111.00
ISE,01/12/2020,119.90
ISE,01/01/2021,99.70
ISE,01/02/2021,104.30
ISE,01/03/2021,111.90
ISE,01/04/2021,104.30
ISE,01/05/2021,101.70
ISE,01/06/2021,110.00
ISE,01/07/2021,113.10
ISE,01/08/2021,111.90
ISE,01/09/2021,115.60
ISE,01/10/2021,115.80
ISE,01/11/2021,122.70
ISE,01/12/2021,132.30
ISE,01/01/2022,107.70
ISE,01/02/2022,111.30
ISE,01/03/2022,119.70
ISE,01/04/2022,115.10
ISE,01/05/2022,118.70
ISE,01/06/2022,118.50
ISE,01/07/2022,119.90
ISE,01/08/2022,121.70
ISE,01/09/2022,120.50
ISE,01/10/2022,120.50
ISE,01/11/2022,122.80
ISE,01/12/2022,133.00
ISE,01/01/2023,112.30
ISE,01/02/2023,114.00
ISE,01/03/2023,121.40
ISE,01/04/2023,114.30
ISE,01/05/2023,119.00
ISE,01/06/2023,121.50
ISE,01/07/2023,120.70
ISE,01/08/2023,122.40
ISE,01/09/2023,119.80
ISE,01/10/2023,119.60
ISE,01/11/2023,127.40
ISE,01/12/2023,134.50
ISE,01/01/2024,114.00
ISE,01/02/2024,116.70
ISE,01/03/2024,119.10
ISE,01/04/2024,120.70
ISE,01/05/2024,121.60
ISE,01/06/2024,119.00
ISE,01/07/2024,124.30
ISE,01/08/2024,124.00
ISE,01/09/2024,120.50
ISE,01/10/2024,123.70
ISE,01/11/2024,127.60
ISE,01/12/2024,138.80
ISE,01/01/2025,116.50
ISE,01/02/2025,118.10
ISE,01/03/2025,124.40
ISE,01/04/2025,120.80
ISE,01/05/2025,124.60
ISE,01/06/2025,123.40
ISE,01/07/2025,130.20
ISE,01/08/2025,127.10
ISE,01/09/2025,125.10
ISE,01/10/2025,127.00
ISE,01/11/2025,130.70
ISE,01/12/2025,141.20
INCAUTACION_KG,01/01/2005,10296.78
INCAUTACION_KG,01/02/2005,14425.25
INCAUTACION_KG,01/03/2005,14195.24
INCAUTACION_KG,01/04/2005,20293.58
INCAUTACION_KG,01/05/2005,29648.34
INCAUTACION_KG,01/06/2005,16387.78
INCAUTACION_KG,01/07/2005,10294.63
INCAUTACION_KG,01/08/2005,19842.41
INCAUTACION_KG,01/09/2005,16034.99
INCAUTACION_KG,01/10/2005,11254.31
INCAUTACION_KG,01/11/2005,17577.14
INCAUTACION_KG,01/12/2005,9101.10
INCAUTACION_KG,01/01/2006,11233.53
INCAUTACION_KG,01/02/2006,10332.54
INCAUTACION_KG,01/03/2006,12165.55
INCAUTACION_KG,01/04/2006,8207.27
INCAUTACION_KG,01/05/2006,26967.91
INCAUTACION_KG,01/06/2006,18823.78
INCAUTACION_KG,01/07/2006,13366.69
INCAUTACION_KG,01/08/2006,13866.99
INCAUTACION_KG,01/09/2006,12138.13
INCAUTACION_KG,01/10/2006,27212.26
INCAUTACION_KG,01/11/2006,10963.14
INCAUTACION_KG,01/12/2006,10472.16
INCAUTACION_KG,01/01/2007,16884.80
INCAUTACION_KG,01/02/2007,8353.30
INCAUTACION_KG,01/03/2007,10679.82
INCAUTACION_KG,01/04/2007,17943.37
INCAUTACION_KG,01/05/2007,14286.72
INCAUTACION_KG,01/06/2007,23271.29
INCAUTACION_KG,01/07/2007,12826.92
INCAUTACION_KG,01/08/2007,18996.36
INCAUTACION_KG,01/09/2007,17401.54
INCAUTACION_KG,01/10/2007,24113.59
INCAUTACION_KG,01/11/2007,19747.57
INCAUTACION_KG,01/12/2007,10795.68
INCAUTACION_KG,01/01/2008,41313.75
INCAUTACION_KG,01/02/2008,25319.87
INCAUTACION_KG,01/03/2008,28097.12
INCAUTACION_KG,01/04/2008,20564.14
INCAUTACION_KG,01/05/2008,20959.63
INCAUTACION_KG,01/06/2008,48916.26
INCAUTACION_KG,01/07/2008,13415.90
INCAUTACION_KG,01/08/2008,26729.92
INCAUTACION_KG,01/09/2008,26170.07
INCAUTACION_KG,01/10/2008,67493.51
INCAUTACION_KG,01/11/2008,14776.78
INCAUTACION_KG,01/12/2008,17914.50
INCAUTACION_KG,01/01/2009,10071.43
INCAUTACION_KG,01/02/2009,30633.03
INCAUTACION_KG,01/03/2009,38916.22
INCAUTACION_KG,01/04/2009,33540.36
INCAUTACION_KG,01/05/2009,33663.37
INCAUTACION_KG,01/06/2009,22514.90
INCAUTACION_KG,01/07/2009,23875.33
INCAUTACION_KG,01/08/2009,24986.04
INCAUTACION_KG,01/09/2009,18533.86
INCAUTACION_KG,01/10/2009,17054.81
INCAUTACION_KG,01/11/2009,36256.44
INCAUTACION_KG,01/12/2009,20155.48
INCAUTACION_KG,01/01/2010,27619.56
INCAUTACION_KG,01/02/2010,47401.28
INCAUTACION_KG,01/03/2010,43787.19
INCAUTACION_KG,01/04/2010,24868.16
INCAUTACION_KG,01/05/2010,24600.27
INCAUTACION_KG,01/06/2010,23308.51
INCAUTACION_KG,01/07/2010,25935.89
INCAUTACION_KG,01/08/2010,26715.89
INCAUTACION_KG,01/09/2010,24841.76
INCAUTACION_KG,01/10/2010,24809.09
INCAUTACION_KG,01/11/2010,25386.79
INCAUTACION_KG,01/12/2010,26963.79
INCAUTACION_KG,01/01/2011,23976.01
INCAUTACION_KG,01/02/2011,31562.16
INCAUTACION_KG,01/03/2011,34470.39
INCAUTACION_KG,01/04/2011,32113.49
INCAUTACION_KG,01/05/2011,39626.93
INCAUTACION_KG,01/06/2011,40466.25
INCAUTACION_KG,01/07/2011,24593.78
INCAUTACION_KG,01/08/2011,35211.51
INCAUTACION_KG,01/09/2011,42351.79
INCAUTACION_KG,01/10/2011,44240.01
INCAUTACION_KG,01/11/2011,46151.76
INCAUTACION_KG,01/12/2011,30636.44
INCAUTACION_KG,01/01/2012,33945.51
INCAUTACION_KG,01/02/2012,45328.97
INCAUTACION_KG,01/03/2012,46749.34
INCAUTACION_KG,01/04/2012,49745.93
INCAUTACION_KG,01/05/2012,42751.70
INCAUTACION_KG,01/06/2012,34164.41
INCAUTACION_KG,01/07/2012,30202.22
INCAUTACION_KG,01/08/2012,38233.70
INCAUTACION_KG,01/09/2012,38320.03
INCAUTACION_KG,01/10/2012,32213.98
INCAUTACION_KG,01/11/2012,45340.51
INCAUTACION_KG,01/12/2012,20685.49
INCAUTACION_KG,01/01/2013,36335.61
INCAUTACION_KG,01/02/2013,35553.85
INCAUTACION_KG,01/03/2013,57934.15
INCAUTACION_KG,01/04/2013,49325.57
INCAUTACION_KG,01/05/2013,34252.21
INCAUTACION_KG,01/06/2013,40568.91
INCAUTACION_KG,01/07/2013,45465.22
INCAUTACION_KG,01/08/2013,47177.37
INCAUTACION_KG,01/09/2013,40967.20
INCAUTACION_KG,01/10/2013,52708.98
INCAUTACION_KG,01/11/2013,36203.48
INCAUTACION_KG,01/12/2013,20923.79
INCAUTACION_KG,01/01/2014,35606.61
INCAUTACION_KG,01/02/2014,55231.67
INCAUTACION_KG,01/03/2014,42493.01
INCAUTACION_KG,01/04/2014,38926.17
INCAUTACION_KG,01/05/2014,26984.68
INCAUTACION_KG,01/06/2014,19523.69
INCAUTACION_KG,01/07/2014,35298.65
INCAUTACION_KG,01/08/2014,23833.65
INCAUTACION_KG,01/09/2014,31720.69
INCAUTACION_KG,01/10/2014,20412.16
INCAUTACION_KG,01/11/2014,27030.20
INCAUTACION_KG,01/12/2014,17375.79
INCAUTACION_KG,01/01/2015,43086.10
INCAUTACION_KG,01/02/2015,39969.00
INCAUTACION_KG,01/03/2015,35546.26
INCAUTACION_KG,01/04/2015,28014.78
INCAUTACION_KG,01/05/2015,37352.34
INCAUTACION_KG,01/06/2015,26338.47
INCAUTACION_KG,01/07/2015,43294.58
INCAUTACION_KG,01/08/2015,39491.60
INCAUTACION_KG,01/09/2015,44534.83
INCAUTACION_KG,01/10/2015,27811.16
INCAUTACION_KG,01/11/2015,28803.53
INCAUTACION_KG,01/12/2015,25070.68
INCAUTACION_KG,01/01/2016,41909.18
INCAUTACION_KG,01/02/2016,28052.84
INCAUTACION_KG,01/03/2016,42919.53
INCAUTACION_KG,01/04/2016,33354.94
INCAUTACION_KG,01/05/2016,50282.50
INCAUTACION_KG,01/06/2016,24692.79
INCAUTACION_KG,01/07/2016,30817.94
INCAUTACION_KG,01/08/2016,43602.87
INCAUTACION_KG,01/09/2016,45028.94
INCAUTACION_KG,01/10/2016,25044.46
INCAUTACION_KG,01/11/2016,26674.16
INCAUTACION_KG,01/12/2016,26796.90
INCAUTACION_KG,01/01/2017,50692.07
INCAUTACION_KG,01/02/2017,64315.99
INCAUTACION_KG,01/03/2017,56570.73
INCAUTACION_KG,01/04/2017,38210.04
INCAUTACION_KG,01/05/2017,46554.95
INCAUTACION_KG,01/06/2017,38857.47
INCAUTACION_KG,01/07/2017,33756.83
INCAUTACION_KG,01/08/2017,55039.56
INCAUTACION_KG,01/09/2017,42732.44
INCAUTACION_KG,01/10/2017,49788.41
INCAUTACION_KG,01/11/2017,54788.72
INCAUTACION_KG,01/12/2017,20551.73
INCAUTACION_KG,01/01/2018,52529.84
INCAUTACION_KG,01/02/2018,42639.04
INCAUTACION_KG,01/03/2018,49517.40
INCAUTACION_KG,01/04/2018,55252.73
INCAUTACION_KG,01/05/2018,34041.30
INCAUTACION_KG,01/06/2018,32384.62
INCAUTACION_KG,01/07/2018,36915.27
INCAUTACION_KG,01/08/2018,44092.57
INCAUTACION_KG,01/09/2018,36869.48
INCAUTACION_KG,01/10/2018,63258.55
INCAUTACION_KG,01/11/2018,39006.52
INCAUTACION_KG,01/12/2018,23400.78
INCAUTACION_KG,01/01/2019,39308.41
INCAUTACION_KG,01/02/2019,55323.96
INCAUTACION_KG,01/03/2019,57635.25
INCAUTACION_KG,01/04/2019,54124.36
INCAUTACION_KG,01/05/2019,54824.85
INCAUTACION_KG,01/06/2019,55637.08
INCAUTACION_KG,01/07/2019,63809.83
INCAUTACION_KG,01/08/2019,42418.93
INCAUTACION_KG,01/09/2019,48625.15
INCAUTACION_KG,01/10/2019,44750.58
INCAUTACION_KG,01/11/2019,40487.13
INCAUTACION_KG,01/12/2019,22352.31
INCAUTACION_KG,01/01/2020,38532.95
INCAUTACION_KG,01/02/2020,89993.69
INCAUTACION_KG,01/03/2020,46400.77
INCAUTACION_KG,01/04/2020,44300.57
INCAUTACION_KG,01/05/2020,62796.50
INCAUTACION_KG,01/06/2020,69620.37
INCAUTACION_KG,01/07/2020,58484.04
INCAUTACION_KG,01/08/2020,66327.62
INCAUTACION_KG,01/09/2020,63579.24
INCAUTACION_KG,01/10/2020,76534.32
INCAUTACION_KG,01/11/2020,38787.61
INCAUTACION_KG,01/12/2020,26258.17
INCAUTACION_KG,01/01/2021,70887.19
INCAUTACION_KG,01/02/2021,84736.49
INCAUTACION_KG,01/03/2021,75636.58
INCAUTACION_KG,01/04/2021,67686.08
INCAUTACION_KG,01/05/2021,55169.68
INCAUTACION_KG,01/06/2021,62890.83
INCAUTACION_KG,01/07/2021,69884.17
INCAUTACION_KG,01/08/2021,52610.03
INCAUTACION_KG,01/09/2021,57991.59
INCAUTACION_KG,01/10/2021,55361.55
INCAUTACION_KG,01/11/2021,36867.07
INCAUTACION_KG,01/12/2021,25115.50
INCAUTACION_KG,01/01/2022,78212.39
INCAUTACION_KG,01/02/2022,61511.04
INCAUTACION_KG,01/03/2022,63209.07
INCAUTACION_KG,01/04/2022,47116.68
INCAUTACION_KG,01/05/2022,82602.71
INCAUTACION_KG,01/06/2022,63125.87
INCAUTACION_KG,01/07/2022,50998.88
INCAUTACION_KG,01/08/2022,63404.89
INCAUTACION_KG,01/09/2022,60497.22
INCAUTACION_KG,01/10/2022,39827.85
INCAUTACION_KG,01/11/2022,56750.61
INCAUTACION_KG,01/12/2022,35010.70
INCAUTACION_KG,01/01/2023,43482.97
INCAUTACION_KG,01/02/2023,45575.87
INCAUTACION_KG,01/03/2023,67729.67
INCAUTACION_KG,01/04/2023,46419.23
INCAUTACION_KG,01/05/2023,41594.21
INCAUTACION_KG,01/06/2023,52875.65
INCAUTACION_KG,01/07/2023,63409.27
INCAUTACION_KG,01/08/2023,78589.60
INCAUTACION_KG,01/09/2023,86723.51
INCAUTACION_KG,01/10/2023,77675.63
INCAUTACION_KG,01/11/2023,69418.02
INCAUTACION_KG,01/12/2023,39065.54
INCAUTACION_KG,01/01/2024,78462.75
INCAUTACION_KG,01/02/2024,104901.02
INCAUTACION_KG,01/03/2024,92360.63
INCAUTACION_KG,01/04/2024,72193.40
INCAUTACION_KG,01/05/2024,61804.88
INCAUTACION_KG,01/06/2024,52483.11
INCAUTACION_KG,01/07/2024,58580.11
INCAUTACION_KG,01/08/2024,85477.02
INCAUTACION_KG,01/09/2024,55668.50
INCAUTACION_KG,01/10/2024,69045.83
INCAUTACION_KG,01/11/2024,52649.61
INCAUTACION_KG,01/12/2024,39747.79
INCAUTACION_KG,01/01/2025,84990.94
INCAUTACION_KG,01/02/2025,73548.08
INCAUTACION_KG,01/03/2025,80846.71
INCAUTACION_KG,01/04/2025,57555.31
INCAUTACION_KG,01/05/2025,90881.95
INCAUTACION_KG,01/06/2025,84716.27
INCAUTACION_KG,01/07/2025,97564.33
INCAUTACION_KG,01/08/2025,78937.04
INCAUTACION_KG,01/09/2025,63978.14
INCAUTACION_KG,01/10/2025,60921.24
INCAUTACION_KG,01/11/2025,53534.53
INCAUTACION_KG,01/12/2025,34208.20
